event_id,customer_id,event_date,event_type,plan_from,plan_to,cancellation_reason
EVT-00001,CUST-0001,2025-04-21,cancellation,Pro,,
EVT-00002,CUST-0002,06/13/2024,downgrade,Growth,Starter,
EVT-00003,CUST-0002,01/29/2025,downgrade,Starter,Starter,
EVT-00004,CUST-0003,03/26/2024,downgrade,Growth,Pro,
EVT-00005,CUST-0003,08/13/2024,downgrade,Pro,Growth,
EVT-00006,CUST-0004,2024-08-20,upgrade,Starter,Growth,
EVT-00007,CUST-0005,2023-12-23,downgrade,Growth,Enterprise,
EVT-00008,CUST-0006,05/25/2024,upgrade,Starter,Starter,
EVT-00009,CUST-0006,07/28/2024,upgrade,Starter,Starter,
EVT-00010,CUST-0007,03/22/2024,downgrade,Pro,Pro,
EVT-00011,CUST-0007,01/14/2025,upgrade,Pro,Enterprise,
EVT-00012,CUST-0008,2023-02-24,upgrade,Enterprise,Starter,
EVT-00013,CUST-0008,01-Apr-2023,cancellation,Starter,,Poor Support
EVT-00014,CUST-0009,2023-02-21,upgrade,Pro,Enterprise,
EVT-00015,CUST-0009,29-Dec-2023,cancellation,Enterprise,,
EVT-00016,CUST-0010,2023-06-24,upgrade,Starter,Growth,
EVT-00017,CUST-0010,05/05/2024,upgrade,Growth,Starter,
EVT-00018,CUST-0011,2023-05-06,downgrade,Starter,Pro,
EVT-00019,CUST-0012,02/25/2025,upgrade,Starter,Pro,
EVT-00020,CUST-0012,2025-04-10,downgrade,Pro,Enterprise,
EVT-00021,CUST-0012,06-May-2025,cancellation,Enterprise,,
EVT-00022,CUST-0013,12/28/2024,upgrade,Starter,Starter,
EVT-00023,CUST-0014,2022-10-13,upgrade,Growth,Growth,
EVT-00024,CUST-0015,2023-06-02,downgrade,Pro,Enterprise,
EVT-00025,CUST-0017,2022-08-23,upgrade,Pro,Pro,
EVT-00026,CUST-0017,02-Apr-2023,cancellation,Pro,,Switched Competitor
EVT-00027,CUST-0018,02/07/2024,upgrade,Pro,Pro,
EVT-00028,CUST-0018,2024-07-30,upgrade,Pro,Starter,
EVT-00029,CUST-0020,03/28/2024,upgrade,Pro,Growth,
EVT-00030,CUST-0020,07/02/2024,cancellation,Growth,,Budget Cuts
EVT-00031,CUST-0021,2024-10-29,upgrade,Pro,Growth,
EVT-00032,CUST-0021,08-May-2025,cancellation,Growth,,
EVT-00033,CUST-0022,2023-11-01,upgrade,Starter,Starter,
EVT-00034,CUST-0022,2024-02-15,downgrade,Starter,Enterprise,
EVT-00035,CUST-0022,2024-10-22,upgrade,Enterprise,Enterprise,
EVT-00036,CUST-0023,2023-07-26,upgrade,Growth,Enterprise,
EVT-00037,CUST-0023,07/16/2024,upgrade,Enterprise,Starter,
EVT-00038,CUST-0024,2023-05-27,upgrade,Growth,Pro,
EVT-00039,CUST-0024,08/14/2023,downgrade,Pro,Enterprise,
EVT-00040,CUST-0024,10/07/2023,upgrade,Enterprise,Starter,
EVT-00041,CUST-0025,07/20/2024,upgrade,Growth,Enterprise,
EVT-00042,CUST-0026,2023-03-08,upgrade,Starter,Growth,
EVT-00043,CUST-0026,03/30/2024,upgrade,Growth,Starter,
EVT-00044,CUST-0027,05/12/2025,cancellation,Growth,,Missing Features
EVT-00045,CUST-0028,2023-07-19,upgrade,Growth,Starter,
EVT-00046,CUST-0029,2024-01-29,upgrade,Pro,Enterprise,
EVT-00047,CUST-0029,10/15/2024,upgrade,Enterprise,Pro,
EVT-00048,CUST-0030,2023-12-25,upgrade,Pro,Growth,
EVT-00049,CUST-0030,12/17/2024,upgrade,Growth,Enterprise,
EVT-00050,CUST-0030,04/15/2025,downgrade,Enterprise,Enterprise,
EVT-00051,CUST-0031,04/14/2024,upgrade,Starter,Enterprise,
EVT-00052,CUST-0031,2024-08-19,upgrade,Enterprise,Pro,
EVT-00053,CUST-0031,2025-05-11,downgrade,Pro,Enterprise,
EVT-00054,CUST-0032,08/17/2024,cancellation,Pro,,Budget Cuts
EVT-00055,CUST-0033,2023-12-22,downgrade,Pro,Enterprise,
EVT-00056,CUST-0035,2024-02-20,downgrade,Starter,Starter,
EVT-00057,CUST-0036,06/07/2024,upgrade,Starter,Growth,
EVT-00058,CUST-0036,2025-05-21,cancellation,Growth,,
EVT-00059,CUST-0037,01/16/2024,downgrade,Growth,Starter,
EVT-00060,CUST-0038,03/06/2024,downgrade,Starter,Pro,
EVT-00061,CUST-0038,10/11/2024,cancellation,Pro,,
EVT-00062,CUST-0039,02/22/2024,cancellation,Growth,,Poor Support
EVT-00063,CUST-0040,2025-04-20,upgrade,Enterprise,Growth,
EVT-00064,CUST-0040,02/07/2025,cancellation,Growth,,Poor Support
EVT-00065,CUST-0041,2023-07-26,downgrade,Starter,Pro,
EVT-00066,CUST-0042,2022-10-24,upgrade,Starter,Growth,
EVT-00067,CUST-0042,2023-02-12,downgrade,Growth,Pro,
EVT-00068,CUST-0043,06/08/2024,downgrade,Growth,Pro,
EVT-00069,CUST-0043,2024-09-04,downgrade,Pro,Growth,
EVT-00070,CUST-0043,2025-05-01,upgrade,Growth,Growth,
EVT-00071,CUST-0044,11/05/2022,downgrade,Growth,Pro,
EVT-00072,CUST-0044,12/02/2023,cancellation,Pro,,Price
EVT-00073,CUST-0046,05/23/2024,upgrade,STARTER,Starter,
EVT-00074,CUST-0046,12/09/2024,upgrade,Starter,Starter,
EVT-00075,CUST-0046,05/25/2025,cancellation,Starter,,Missing Features
EVT-00076,CUST-0047,05/07/2023,upgrade,Starter,Pro,
EVT-00077,CUST-0047,02/22/2024,downgrade,Pro,Growth,
EVT-00078,CUST-0048,2022-04-05,upgrade,Growth,Enterprise,
EVT-00079,CUST-0049,2023-08-14,upgrade,Pro,Growth,
EVT-00080,CUST-0051,2023-02-19,upgrade,Starter,Growth,
EVT-00081,CUST-0052,02/06/2024,downgrade,Growth,Starter,
EVT-00082,CUST-0052,2023-12-12,cancellation,Starter,,Switched Competitor
EVT-00083,CUST-0053,11/01/2024,downgrade,Starter,Growth,
EVT-00084,CUST-0053,2024-11-18,cancellation,Growth,,Poor Support
EVT-00085,CUST-0054,08/11/2023,downgrade,Starter,Growth,
EVT-00086,CUST-0054,2024-02-08,downgrade,Growth,Enterprise,
EVT-00087,CUST-0054,06-May-2023,cancellation,Enterprise,,Price
EVT-00088,CUST-0056,2025-01-18,downgrade,Growth,Growth,
EVT-00089,CUST-0056,2025-02-25,upgrade,Growth,Enterprise,
EVT-00090,CUST-0057,2025-02-12,upgrade,STARTER,Growth,
EVT-00091,CUST-0057,03/27/2025,upgrade,Growth,Pro,
EVT-00092,CUST-0057,06-May-2025,cancellation,Pro,,Budget Cuts
EVT-00093,CUST-0058,10/18/2023,upgrade,Pro,Starter,
EVT-00094,CUST-0058,2023-12-12,upgrade,Starter,Enterprise,
EVT-00095,CUST-0058,2024-02-14,upgrade,Enterprise,Growth,
EVT-00096,CUST-0059,2023-08-28,upgrade,Growth,Starter,
EVT-00097,CUST-0059,2024-02-07,upgrade,Starter,Growth,
EVT-00098,CUST-0060,06/24/2023,upgrade,Starter,Growth,
EVT-00099,CUST-0060,2023-11-12,cancellation,Growth,,
EVT-00100,CUST-0061,01/07/2023,cancellation,Starter,,Switched Competitor
EVT-00101,CUST-0062,08/16/2023,upgrade,Pro,Enterprise,
EVT-00102,CUST-0062,2024-07-04,downgrade,Enterprise,Pro,
EVT-00103,CUST-0062,18-Nov-2024,cancellation,Pro,,Poor Support
EVT-00104,CUST-0063,06/23/2023,upgrade,Starter,Pro,
EVT-00105,CUST-0063,11/30/2023,upgrade,Pro,Starter,
EVT-00106,CUST-0064,10/24/2022,downgrade,Starter,Growth,
EVT-00107,CUST-0064,2023-04-23,upgrade,Growth,Growth,
EVT-00108,CUST-0065,11-May-2025,cancellation,Starter,,
EVT-00109,CUST-0066,2023-01-25,downgrade,STARTER,Enterprise,
EVT-00110,CUST-0066,2023-05-06,upgrade,Enterprise,Starter,
EVT-00111,CUST-0069,01-May-2025,cancellation,Starter,,Poor Support
EVT-00112,CUST-0070,2023-11-12,downgrade,Pro,Starter,
EVT-00113,CUST-0071,02/08/2025,upgrade,Growth,Starter,
EVT-00114,CUST-0072,07/08/2023,upgrade,Starter,Growth,
EVT-00115,CUST-0072,05/04/2024,upgrade,Growth,Enterprise,
EVT-00116,CUST-0072,07/04/2024,downgrade,Enterprise,Starter,
EVT-00117,CUST-0073,02/03/2024,upgrade,Growth,Starter,
EVT-00118,CUST-0073,04/11/2024,upgrade,Starter,Growth,
EVT-00119,CUST-0073,05/26/2024,upgrade,Growth,Growth,
EVT-00120,CUST-0076,2022-03-09,cancellation,Pro,,
EVT-00121,CUST-0077,2023-09-13,downgrade,Starter,Starter,
EVT-00122,CUST-0077,2024-07-21,upgrade,Starter,Pro,
EVT-00123,CUST-0078,09/10/2024,upgrade,Pro,Growth,
EVT-00124,CUST-0078,01/26/2025,upgrade,Growth,Starter,
EVT-00125,CUST-0078,02-Apr-2025,cancellation,Starter,,
EVT-00126,CUST-0079,2024-07-03,upgrade,Pro,Growth,
EVT-00127,CUST-0080,08/12/2022,upgrade,Pro,Growth,
EVT-00128,CUST-0081,2023-08-14,upgrade,Growth,Enterprise,
EVT-00129,CUST-0081,06/10/2024,downgrade,Enterprise,Growth,
EVT-00130,CUST-0081,2024-07-11,downgrade,Growth,Enterprise,
EVT-00131,CUST-0081,03/11/2025,cancellation,Enterprise,,Missing Features
EVT-00132,CUST-0082,2023-04-08,upgrade,Starter,Pro,
EVT-00133,CUST-0082,01/03/2024,downgrade,Pro,Pro,
EVT-00134,CUST-0082,2024-02-08,downgrade,Pro,Growth,
EVT-00135,CUST-0082,2023-10-15,cancellation,Growth,,Price
EVT-00136,CUST-0083,2025-03-09,upgrade,Starter,Pro,
EVT-00137,CUST-0084,02/04/2025,downgrade,Growth,Growth,
EVT-00138,CUST-0084,2025-05-23,downgrade,Growth,Growth,
EVT-00139,CUST-0085,04/20/2023,upgrade,Pro,Starter,
EVT-00140,CUST-0087,2024-10-22,downgrade,Starter,Enterprise,
EVT-00141,CUST-0087,12/04/2024,downgrade,Enterprise,Pro,
EVT-00142,CUST-0087,2024-09-10,cancellation,Pro,,
EVT-00143,CUST-0088,09/21/2024,downgrade,Growth,Pro,
EVT-00144,CUST-0088,05/08/2025,upgrade,Pro,Enterprise,
EVT-00145,CUST-0089,2023-12-09,downgrade,Pro,Growth,
EVT-00146,CUST-0089,2024-11-26,upgrade,Growth,Growth,
EVT-00147,CUST-0090,2023-12-30,upgrade,Pro,Growth,
EVT-00148,CUST-0090,06/17/2024,downgrade,Growth,Starter,
EVT-00149,CUST-0090,2024-12-21,upgrade,Starter,Pro,
EVT-00150,CUST-0090,12/09/2024,cancellation,Pro,,Price
EVT-00151,CUST-0091,11/28/2022,upgrade,Starter,Pro,
EVT-00152,CUST-0091,2023-07-22,downgrade,Pro,Enterprise,
EVT-00153,CUST-0091,11/15/2023,downgrade,Enterprise,Pro,
EVT-00154,CUST-0093,03/16/2024,cancellation,Pro,,
EVT-00155,CUST-0094,2023-02-18,downgrade,Growth,Growth,
EVT-00156,CUST-0095,03/22/2023,downgrade,Pro,Pro,
EVT-00157,CUST-0095,2023-07-11,upgrade,Pro,Pro,
EVT-00158,CUST-0095,03/08/2024,upgrade,Pro,Growth,
EVT-00159,CUST-0096,2024-04-03,downgrade,Enterprise,Enterprise,
EVT-00160,CUST-0096,2024-06-27,upgrade,Enterprise,Enterprise,
EVT-00161,CUST-0096,2025-05-01,upgrade,Enterprise,Enterprise,
EVT-00162,CUST-0097,2024-09-16,upgrade,Enterprise,Growth,
EVT-00163,CUST-0097,2025-05-20,cancellation,Growth,,
EVT-00164,CUST-0098,2023-06-15,upgrade,Pro,Growth,
EVT-00165,CUST-0098,03/12/2024,downgrade,Growth,Growth,
EVT-00166,CUST-0098,12/10/2024,downgrade,Growth,Growth,
EVT-00167,CUST-0098,07/11/2024,cancellation,Growth,,Poor Support
EVT-00168,CUST-0099,05/18/2024,upgrade,Pro,Growth,
EVT-00169,CUST-0099,08/20/2024,upgrade,Growth,Starter,
EVT-00170,CUST-0100,2024-12-26,upgrade,Starter,Pro,
EVT-00171,CUST-0100,03/19/2025,downgrade,Pro,Growth,
EVT-00172,CUST-0100,2024-07-25,cancellation,Growth,,Missing Features
EVT-00173,CUST-0102,09/21/2023,upgrade,Starter,Pro,
EVT-00174,CUST-0102,2024-04-02,upgrade,Pro,Growth,
EVT-00175,CUST-0102,08/14/2024,upgrade,Growth,Starter,
EVT-00176,CUST-0103,06/18/2024,downgrade,Pro,Growth,
EVT-00177,CUST-0103,2024-11-20,cancellation,Growth,,
EVT-00178,CUST-0104,2024-06-14,downgrade,Pro,Enterprise,
EVT-00179,CUST-0105,02/27/2023,upgrade,Pro,Growth,
EVT-00180,CUST-0105,12/30/2023,cancellation,Growth,,
EVT-00181,CUST-0106,08/05/2022,downgrade,Growth,Growth,
EVT-00182,CUST-0106,2022-09-10,upgrade,Growth,Enterprise,
EVT-00183,CUST-0108,08/30/2023,upgrade,Growth,Growth,
EVT-00184,CUST-0108,2024-05-07,cancellation,Growth,,
EVT-00185,CUST-0109,04/23/2024,cancellation,Starter,,
EVT-00186,CUST-0110,2023-01-01,upgrade,Pro,Enterprise,
EVT-00187,CUST-0110,07-Sep-2023,cancellation,Enterprise,,Poor Support
EVT-00188,CUST-0111,2023-02-22,downgrade,Growth,Pro,
EVT-00189,CUST-0111,2023-11-10,upgrade,Pro,Starter,
EVT-00190,CUST-0112,08/28/2022,downgrade,Starter,Starter,
EVT-00191,CUST-0112,2023-05-04,downgrade,Starter,Starter,
EVT-00192,CUST-0113,2023-04-02,upgrade,Growth,Pro,
EVT-00193,CUST-0114,05/08/2024,upgrade,Pro,Pro,
EVT-00194,CUST-0114,2025-01-16,upgrade,Pro,Enterprise,
EVT-00195,CUST-0116,2023-04-14,upgrade,Pro,Growth,
EVT-00196,CUST-0116,04/03/2024,upgrade,Growth,Enterprise,
EVT-00197,CUST-0117,11/19/2023,upgrade,Enterprise,Starter,
EVT-00198,CUST-0117,10/06/2024,upgrade,Starter,Enterprise,
EVT-00199,CUST-0117,13-Feb-2024,cancellation,Enterprise,,
EVT-00200,CUST-0118,10/01/2024,upgrade,Starter,Starter,
EVT-00201,CUST-0118,2025-02-27,downgrade,Starter,Pro,
EVT-00202,CUST-0119,2023-11-05,upgrade,Starter,Starter,
EVT-00203,CUST-0120,04/11/2024,upgrade,Pro,Pro,
EVT-00204,CUST-0120,08/29/2024,upgrade,Pro,Starter,
EVT-00205,CUST-0120,2024-11-09,downgrade,Starter,Starter,
EVT-00206,CUST-0123,2023-11-07,downgrade,Pro,Growth,
EVT-00207,CUST-0123,2024-02-10,upgrade,Growth,Pro,
EVT-00208,CUST-0123,2024-06-18,upgrade,Pro,Pro,
EVT-00209,CUST-0124,2023-10-06,downgrade,Pro,Pro,
EVT-00210,CUST-0124,09/12/2024,upgrade,PRO,Growth,
EVT-00211,CUST-0125,2023-08-22,upgrade,Enterprise,Enterprise,
EVT-00212,CUST-0125,2024-08-22,downgrade,Enterprise,Growth,
EVT-00213,CUST-0127,11/23/2024,downgrade,Starter,Growth,
EVT-00214,CUST-0128,07/24/2022,upgrade,ENTERPRISE,Starter,
EVT-00215,CUST-0128,2023-05-03,upgrade,Starter,Enterprise,
EVT-00216,CUST-0128,2024-03-03,downgrade,Enterprise,Starter,
EVT-00217,CUST-0129,12/31/2023,upgrade,Starter,Starter,
EVT-00218,CUST-0130,2024-02-27,upgrade,Starter,Enterprise,
EVT-00219,CUST-0130,2024-08-16,downgrade,Enterprise,Starter,
EVT-00220,CUST-0131,2023-03-16,upgrade,Growth,Pro,
EVT-00221,CUST-0131,2023-10-28,downgrade,Pro,Starter,
EVT-00222,CUST-0133,2022-09-28,upgrade,Pro,Starter,
EVT-00223,CUST-0134,04-Jun-2023,cancellation,Starter,,Switched Competitor
EVT-00224,CUST-0135,11/19/2024,upgrade,Enterprise,Growth,
EVT-00225,CUST-0137,11/24/2023,upgrade,Pro,Growth,
EVT-00226,CUST-0137,2024-08-11,upgrade,Growth,Starter,
EVT-00227,CUST-0138,07/10/2024,upgrade,Starter,Growth,
EVT-00228,CUST-0139,01/21/2025,upgrade,Growth,Growth,
EVT-00229,CUST-0140,2023-02-14,upgrade,Starter,Pro,
EVT-00230,CUST-0140,01/20/2024,upgrade,Pro,Pro,
EVT-00231,CUST-0140,12/22/2024,downgrade,Pro,Enterprise,
EVT-00232,CUST-0141,2022-08-02,upgrade,Starter,Pro,
EVT-00233,CUST-0141,2023-09-01,downgrade,Pro,Starter,
EVT-00234,CUST-0141,2023-10-11,upgrade,Starter,Starter,
EVT-00235,CUST-0142,04/17/2024,upgrade,Starter,Enterprise,
EVT-00236,CUST-0142,2025-05-20,downgrade,Enterprise,Growth,
EVT-00237,CUST-0142,15-Jun-2024,cancellation,Growth,,
EVT-00238,CUST-0145,2024-03-23,downgrade,Starter,Enterprise,
EVT-00239,CUST-0145,2024-07-17,downgrade,Enterprise,Enterprise,
EVT-00240,CUST-0148,04/30/2024,upgrade,Enterprise,Pro,
EVT-00241,CUST-0148,10/12/2024,downgrade,Pro,Pro,
EVT-00242,CUST-0150,2022-12-10,cancellation,Starter,,Budget Cuts
EVT-00243,CUST-0152,2024-06-12,upgrade,Starter,Starter,
EVT-00244,CUST-0152,08/19/2024,upgrade,Starter,Enterprise,
EVT-00245,CUST-0152,02/02/2025,cancellation,Enterprise,,Switched Competitor
EVT-00246,CUST-0153,04/28/2023,downgrade,Starter,Starter,
EVT-00247,CUST-0153,2023-11-19,upgrade,Starter,Enterprise,
EVT-00248,CUST-0153,2024-09-26,upgrade,Enterprise,Growth,
EVT-00249,CUST-0153,10/28/2024,cancellation,Growth,,
EVT-00250,CUST-0154,2025-02-15,upgrade,Growth,Growth,
EVT-00251,CUST-0155,07/29/2024,upgrade,Starter,Enterprise,
EVT-00252,CUST-0155,02/10/2025,upgrade,Enterprise,Pro,
EVT-00253,CUST-0156,2024-07-23,upgrade,Starter,Pro,
EVT-00254,CUST-0156,2025-05-09,cancellation,Pro,,Budget Cuts
EVT-00255,CUST-0157,2024-07-26,upgrade,Pro,Growth,
EVT-00256,CUST-0157,11/14/2024,downgrade,Growth,Growth,
EVT-00257,CUST-0159,06/01/2023,upgrade,Starter,Enterprise,
EVT-00258,CUST-0159,03/09/2024,upgrade,Enterprise,Growth,
EVT-00259,CUST-0160,02/03/2023,upgrade,Growth,Starter,
EVT-00260,CUST-0161,2023-07-30,upgrade,Starter,Enterprise,
EVT-00261,CUST-0162,2023-05-01,upgrade,Growth,Pro,
EVT-00262,CUST-0162,12-Sep-2023,cancellation,Pro,,Price
EVT-00263,CUST-0164,03/27/2025,downgrade,Growth,Enterprise,
EVT-00264,CUST-0166,2024-03-13,downgrade,Growth,Pro,
EVT-00265,CUST-0169,2023-04-12,upgrade,Pro,Enterprise,
EVT-00266,CUST-0169,03/15/2024,upgrade,Enterprise,Pro,
EVT-00267,CUST-0169,2025-02-06,upgrade,Pro,Starter,
EVT-00268,CUST-0169,2023-06-30,cancellation,Starter,,Poor Support
EVT-00269,CUST-0170,2024-11-17,downgrade,Starter,Starter,
EVT-00270,CUST-0171,10/23/2024,upgrade,Starter,Enterprise,
EVT-00271,CUST-0173,2024-05-16,upgrade,Enterprise,Pro,
EVT-00272,CUST-0173,05/06/2024,cancellation,Pro,,Budget Cuts
EVT-00273,CUST-0174,07/13/2023,upgrade,Enterprise,Enterprise,
EVT-00274,CUST-0174,2024-05-23,cancellation,Enterprise,,
EVT-00275,CUST-0175,01/09/2023,downgrade,Starter,Starter,
EVT-00276,CUST-0176,2023-08-02,downgrade,Enterprise,Pro,
EVT-00277,CUST-0176,2023-12-07,upgrade,Pro,Enterprise,
EVT-00278,CUST-0177,09/03/2024,downgrade,Starter,Enterprise,
EVT-00279,CUST-0177,04/24/2025,cancellation,Enterprise,,Price
EVT-00280,CUST-0178,11/12/2023,upgrade,Growth,Pro,
EVT-00281,CUST-0178,10/01/2024,downgrade,Pro,Enterprise,
EVT-00282,CUST-0179,01/28/2023,downgrade,Growth,Growth,
EVT-00283,CUST-0179,2023-04-23,downgrade,Growth,Pro,
EVT-00284,CUST-0179,2024-02-19,downgrade,Pro,Starter,
EVT-00285,CUST-0180,11/20/2022,downgrade,Enterprise,Enterprise,
EVT-00286,CUST-0181,2024-08-09,downgrade,Starter,Pro,
EVT-00287,CUST-0182,2022-03-22,upgrade,Starter,Pro,
EVT-00288,CUST-0182,02/27/2023,downgrade,Pro,Starter,
EVT-00289,CUST-0182,04/21/2022,cancellation,Starter,,Price
EVT-00290,CUST-0183,03/29/2025,upgrade,Growth,Pro,
EVT-00291,CUST-0183,05/05/2025,cancellation,Pro,,Switched Competitor
EVT-00292,CUST-0184,05/27/2025,cancellation,Starter,,
EVT-00293,CUST-0185,07/20/2023,upgrade,Starter,Enterprise,
EVT-00294,CUST-0185,02/02/2024,upgrade,Enterprise,Growth,
EVT-00295,CUST-0185,03/10/2024,upgrade,Growth,Growth,
EVT-00296,CUST-0186,2024-02-19,downgrade,Growth,Growth,
EVT-00297,CUST-0186,01/25/2025,downgrade,Growth,Growth,
EVT-00298,CUST-0187,2024-02-27,downgrade,Pro,Enterprise,
EVT-00299,CUST-0187,03/31/2025,upgrade,Enterprise,Enterprise,
EVT-00300,CUST-0188,2023-08-26,upgrade,Pro,Growth,
EVT-00301,CUST-0190,2023-07-31,upgrade,Pro,Pro,
EVT-00302,CUST-0190,06/01/2024,downgrade,Pro,Pro,
EVT-00303,CUST-0190,12/22/2024,upgrade,Pro,Enterprise,
EVT-00304,CUST-0191,2024-02-26,downgrade,PRO,Starter,
EVT-00305,CUST-0191,11/04/2024,downgrade,Starter,Growth,
EVT-00306,CUST-0192,01/09/2024,upgrade,Pro,Growth,
EVT-00307,CUST-0192,05/06/2024,downgrade,GROWTH,Growth,
EVT-00308,CUST-0192,2025-01-04,downgrade,Growth,Growth,
EVT-00309,CUST-0193,2022-07-21,upgrade,Growth,Pro,
EVT-00310,CUST-0194,2022-10-31,upgrade,Pro,Growth,
EVT-00311,CUST-0194,2022-05-27,cancellation,Growth,,
EVT-00312,CUST-0195,2024-01-13,downgrade,Starter,Pro,
EVT-00313,CUST-0196,05/31/2023,upgrade,Starter,Growth,
EVT-00314,CUST-0196,05/27/2024,upgrade,Growth,Enterprise,
EVT-00315,CUST-0196,04/30/2025,upgrade,Enterprise,Pro,
EVT-00316,CUST-0199,02/15/2025,upgrade,Enterprise,Enterprise,
EVT-00317,CUST-0199,04/24/2025,downgrade,ENTERPRISE,Pro,
EVT-00318,CUST-0200,2023-04-24,downgrade,Growth,Enterprise,
EVT-00319,CUST-0200,03/17/2024,upgrade,Enterprise,Pro,
EVT-00320,CUST-0200,2025-03-08,downgrade,Pro,Starter,
EVT-00321,CUST-0201,04/06/2023,downgrade,Starter,Pro,
EVT-00322,CUST-0201,2023-05-19,downgrade,Pro,Enterprise,
EVT-00323,CUST-0201,2023-12-10,upgrade,Enterprise,Growth,
EVT-00324,CUST-0201,2024-07-23,cancellation,Growth,,Missing Features
EVT-00325,CUST-0202,2024-12-25,downgrade,Enterprise,Pro,
EVT-00326,CUST-0202,05/03/2025,cancellation,Pro,,Budget Cuts
EVT-00327,CUST-0203,10/17/2022,downgrade,Starter,Starter,
EVT-00328,CUST-0203,10/28/2023,downgrade,Starter,Starter,
EVT-00329,CUST-0203,04-May-2023,cancellation,Starter,,Price
EVT-00330,CUST-0204,07/03/2024,upgrade,Growth,Growth,
EVT-00331,CUST-0204,10/23/2024,upgrade,Growth,Enterprise,
EVT-00332,CUST-0206,10/27/2023,cancellation,Enterprise,,Price
EVT-00333,CUST-0207,2022-12-30,downgrade,Growth,Pro,
EVT-00334,CUST-0207,05/03/2023,upgrade,Pro,Enterprise,
EVT-00335,CUST-0207,2023-09-02,upgrade,Enterprise,Enterprise,
EVT-00336,CUST-0210,2024-10-03,downgrade,Pro,Pro,
EVT-00337,CUST-0210,01/31/2025,upgrade,Pro,Pro,
EVT-00338,CUST-0213,2023-02-10,downgrade,Enterprise,Growth,
EVT-00339,CUST-0214,03/01/2024,upgrade,Growth,Starter,
EVT-00340,CUST-0214,12/19/2024,downgrade,Starter,Growth,
EVT-00341,CUST-0215,09/11/2023,downgrade,Growth,Growth,
EVT-00342,CUST-0215,11/27/2022,cancellation,Growth,,Price
EVT-00343,CUST-0216,2024-07-03,downgrade,Growth,Starter,
EVT-00344,CUST-0217,2024-05-28,upgrade,Pro,Growth,
EVT-00345,CUST-0217,2024-09-07,downgrade,Growth,Starter,
EVT-00346,CUST-0218,01/12/2023,upgrade,Starter,Starter,
EVT-00347,CUST-0218,01/11/2024,downgrade,Starter,Enterprise,
EVT-00348,CUST-0218,2025-02-02,downgrade,Enterprise,Growth,
EVT-00349,CUST-0218,2023-08-15,cancellation,Growth,,
EVT-00350,CUST-0219,2024-08-25,upgrade,Growth,Pro,
EVT-00351,CUST-0219,2025-01-24,cancellation,Pro,,Price
EVT-00352,CUST-0220,2023-07-26,downgrade,Starter,Enterprise,
EVT-00353,CUST-0220,2024-07-19,cancellation,Enterprise,,Missing Features
EVT-00354,CUST-0221,07/27/2023,downgrade,Growth,Enterprise,
EVT-00355,CUST-0221,06/03/2024,upgrade,Enterprise,Enterprise,
EVT-00356,CUST-0224,02/23/2025,downgrade,Pro,Pro,
EVT-00357,CUST-0225,2024-08-03,downgrade,Starter,Enterprise,
EVT-00358,CUST-0226,2023-01-05,upgrade,Enterprise,Enterprise,
EVT-00359,CUST-0226,2023-03-12,downgrade,Enterprise,Growth,
EVT-00360,CUST-0226,2023-08-29,upgrade,Growth,Pro,
EVT-00361,CUST-0227,04/18/2023,upgrade,Growth,Starter,
EVT-00362,CUST-0227,03/06/2024,upgrade,Starter,Growth,
EVT-00363,CUST-0227,26-Oct-2024,cancellation,Growth,,Budget Cuts
EVT-00364,CUST-0228,2025-03-15,downgrade,Growth,Growth,
EVT-00365,CUST-0229,2023-10-30,downgrade,Pro,Growth,
EVT-00366,CUST-0230,17-Apr-2022,cancellation,Growth,,Budget Cuts
EVT-00367,CUST-0231,11/18/2023,upgrade,Pro,Enterprise,
EVT-00368,CUST-0232,06/24/2024,upgrade,Starter,Starter,
EVT-00369,CUST-0232,01/31/2025,upgrade,Starter,Pro,
EVT-00370,CUST-0233,2024-12-22,cancellation,Growth,,
EVT-00371,CUST-0234,2024-04-29,downgrade,Growth,Growth,
EVT-00372,CUST-0234,2025-01-21,upgrade,Growth,Starter,
EVT-00373,CUST-0235,2024-09-05,downgrade,Enterprise,Growth,
EVT-00374,CUST-0236,22-Nov-2022,cancellation,Starter,,Price
EVT-00375,CUST-0237,06/29/2024,upgrade,Growth,Pro,
EVT-00376,CUST-0237,2025-05-02,upgrade,Pro,Growth,
EVT-00377,CUST-0238,03/31/2023,downgrade,Growth,Starter,
EVT-00378,CUST-0239,03/13/2024,upgrade,Growth,Growth,
EVT-00379,CUST-0240,12/18/2024,upgrade,Starter,Growth,
EVT-00380,CUST-0240,2025-01-31,downgrade,Growth,Enterprise,
EVT-00381,CUST-0241,08/05/2024,downgrade,Growth,Growth,
EVT-00382,CUST-0243,2024-06-26,downgrade,Starter,Growth,
EVT-00383,CUST-0243,2025-02-08,cancellation,Growth,,Switched Competitor
EVT-00384,CUST-0244,10/19/2023,upgrade,Pro,Enterprise,
EVT-00385,CUST-0244,01/27/2024,upgrade,Enterprise,Pro,
EVT-00386,CUST-0244,04/01/2024,downgrade,Pro,Enterprise,
EVT-00387,CUST-0245,01/25/2024,upgrade,Starter,Pro,
EVT-00388,CUST-0245,2024-09-02,upgrade,Pro,Growth,
EVT-00389,CUST-0246,2024-11-19,cancellation,Growth,,Missing Features
EVT-00390,CUST-0247,07/30/2024,downgrade,Pro,Starter,
EVT-00391,CUST-0247,05/04/2025,downgrade,Starter,Enterprise,
EVT-00392,CUST-0247,04/23/2025,cancellation,Enterprise,,Poor Support
EVT-00393,CUST-0248,05/18/2023,upgrade,Pro,Starter,
EVT-00394,CUST-0248,03/17/2024,upgrade,Starter,Growth,
EVT-00395,CUST-0249,07/24/2022,downgrade,Growth,Growth,
EVT-00396,CUST-0249,2022-12-05,upgrade,Growth,Growth,
EVT-00397,CUST-0250,2024-06-23,downgrade,Pro,Growth,
EVT-00398,CUST-0250,04/05/2025,downgrade,Growth,Enterprise,
EVT-00399,CUST-0251,12/20/2022,downgrade,Growth,Pro,
EVT-00400,CUST-0251,02/21/2023,upgrade,Pro,Enterprise,
EVT-00401,CUST-0251,2024-03-08,downgrade,Enterprise,Starter,
EVT-00402,CUST-0252,2023-03-11,upgrade,Growth,Growth,
EVT-00403,CUST-0252,03/12/2024,upgrade,Growth,Starter,
EVT-00404,CUST-0254,2022-08-22,upgrade,Growth,Starter,
EVT-00405,CUST-0254,2022-12-08,cancellation,Starter,,
EVT-00406,CUST-0255,2025-04-23,upgrade,Growth,Starter,
EVT-00407,CUST-0255,14-Jan-2025,cancellation,Starter,,
EVT-00408,CUST-0257,08/26/2022,upgrade,Growth,Starter,
EVT-00409,CUST-0257,2022-11-20,downgrade,Starter,Starter,
EVT-00410,CUST-0257,2023-06-03,cancellation,Starter,,Price
EVT-00411,CUST-0260,04/04/2023,upgrade,Starter,Enterprise,
EVT-00412,CUST-0262,05/01/2025,upgrade,Pro,Pro,
EVT-00413,CUST-0263,2024-09-17,upgrade,Growth,Enterprise,
EVT-00414,CUST-0263,11/20/2024,upgrade,Enterprise,Enterprise,
EVT-00415,CUST-0264,2023-08-11,upgrade,Starter,Pro,
EVT-00416,CUST-0264,2024-06-16,downgrade,Pro,Pro,
EVT-00417,CUST-0264,07/26/2024,upgrade,Pro,Enterprise,
EVT-00418,CUST-0265,2024-10-18,cancellation,Pro,,Missing Features
EVT-00419,CUST-0266,2022-12-31,upgrade,Starter,Starter,
EVT-00420,CUST-0266,2023-09-17,upgrade,Starter,Growth,
EVT-00421,CUST-0267,04/02/2023,downgrade,Pro,Growth,
EVT-00422,CUST-0267,10/20/2023,upgrade,Growth,Starter,
EVT-00423,CUST-0268,2023-01-31,upgrade,Pro,Starter,
EVT-00424,CUST-0268,2023-07-26,upgrade,Starter,Growth,
EVT-00425,CUST-0269,07/30/2022,upgrade,Growth,Growth,
EVT-00426,CUST-0269,07/10/2022,cancellation,GROWTH,,Budget Cuts
EVT-00427,CUST-0270,2024-12-28,upgrade,Pro,Enterprise,
EVT-00428,CUST-0272,10/21/2023,upgrade,Starter,Growth,
EVT-00429,CUST-0273,2022-10-06,upgrade,Pro,Pro,
EVT-00430,CUST-0273,01/27/2023,downgrade,Pro,Starter,
EVT-00431,CUST-0273,21-Nov-2022,cancellation,Starter,,Missing Features
EVT-00432,CUST-0274,2025-02-16,upgrade,Growth,Pro,
EVT-00433,CUST-0274,2025-03-30,cancellation,Pro,,
EVT-00434,CUST-0276,2024-02-13,downgrade,Growth,Pro,
EVT-00435,CUST-0276,02/20/2025,downgrade,Pro,Starter,
EVT-00436,CUST-0277,04/18/2025,upgrade,Growth,Starter,
EVT-00437,CUST-0277,2025-01-08,cancellation,Starter,,Switched Competitor
EVT-00438,CUST-0278,2023-06-04,upgrade,Growth,Growth,
EVT-00439,CUST-0278,05/30/2024,upgrade,Growth,Growth,
EVT-00440,CUST-0278,2025-05-13,upgrade,Growth,Pro,
EVT-00441,CUST-0278,22-Feb-2025,cancellation,Pro,,Poor Support
EVT-00442,CUST-0279,07/05/2024,downgrade,Growth,Starter,
EVT-00443,CUST-0279,10/16/2024,upgrade,Starter,Enterprise,
EVT-00444,CUST-0279,03/18/2025,cancellation,Enterprise,,Price
EVT-00445,CUST-0280,10/09/2024,upgrade,Starter,Pro,
EVT-00446,CUST-0281,2024-10-01,upgrade,Starter,Enterprise,
EVT-00447,CUST-0281,2024-08-31,cancellation,Enterprise,,Price
EVT-00448,CUST-0282,08/13/2024,upgrade,Starter,Pro,
EVT-00449,CUST-0283,2024-03-16,downgrade,Growth,Enterprise,
EVT-00450,CUST-0283,04/27/2024,upgrade,Enterprise,Enterprise,
EVT-00451,CUST-0283,19-May-2024,cancellation,Enterprise,,Switched Competitor
EVT-00452,CUST-0285,2024-05-28,upgrade,Starter,Starter,
EVT-00453,CUST-0285,11/12/2024,downgrade,Starter,Starter,
EVT-00454,CUST-0286,2023-07-18,upgrade,Growth,Enterprise,
EVT-00455,CUST-0287,06/24/2024,downgrade,Starter,Growth,
EVT-00456,CUST-0287,2024-12-18,upgrade,Growth,Pro,
EVT-00457,CUST-0288,11/14/2024,cancellation,Growth,,Budget Cuts
EVT-00458,CUST-0289,2023-05-20,downgrade,Enterprise,Pro,
EVT-00459,CUST-0289,04/20/2024,downgrade,Pro,Enterprise,
EVT-00460,CUST-0289,2024-09-11,upgrade,Enterprise,Pro,
EVT-00461,CUST-0289,20-Feb-2024,cancellation,Pro,,Poor Support
EVT-00462,CUST-0290,2023-06-18,upgrade,Pro,Enterprise,
EVT-00463,CUST-0290,03/24/2024,upgrade,Enterprise,Enterprise,
EVT-00464,CUST-0290,2024-06-22,downgrade,Enterprise,Enterprise,
EVT-00465,CUST-0290,13-Feb-2024,cancellation,Enterprise,,Poor Support
EVT-00466,CUST-0291,2024-03-07,downgrade,Starter,Growth,
EVT-00467,CUST-0291,04/08/2024,upgrade,Growth,Pro,
EVT-00468,CUST-0292,2024-08-27,upgrade,Starter,Growth,
EVT-00469,CUST-0293,02/05/2023,downgrade,Pro,Starter,
EVT-00470,CUST-0293,09/20/2023,downgrade,Starter,Growth,
EVT-00471,CUST-0293,2023-10-25,upgrade,Growth,Enterprise,
EVT-00472,CUST-0294,01/10/2023,upgrade,Growth,Starter,
EVT-00473,CUST-0294,06/23/2023,downgrade,Starter,Enterprise,
EVT-00474,CUST-0294,2024-07-26,downgrade,Enterprise,Starter,
EVT-00475,CUST-0295,12/16/2022,downgrade,Growth,Starter,
EVT-00476,CUST-0296,2023-12-14,upgrade,Starter,Growth,
EVT-00477,CUST-0296,07/26/2024,upgrade,Growth,Pro,
EVT-00478,CUST-0296,2023-07-18,cancellation,Pro,,Budget Cuts
EVT-00479,CUST-0297,02/22/2023,upgrade,Pro,Pro,
EVT-00480,CUST-0297,11/15/2023,upgrade,Pro,Starter,
EVT-00481,CUST-0297,2024-04-13,upgrade,Starter,Growth,
EVT-00482,CUST-0300,2025-02-19,upgrade,Starter,Starter,
EVT-00483,CUST-0301,06/17/2024,upgrade,Growth,Growth,
EVT-00484,CUST-0301,2025-03-03,downgrade,Growth,Starter,
EVT-00485,CUST-0302,2023-02-11,upgrade,Pro,Enterprise,
EVT-00486,CUST-0302,02/17/2024,upgrade,Enterprise,Enterprise,
EVT-00487,CUST-0303,2024-12-25,upgrade,Pro,Enterprise,
EVT-00488,CUST-0304,2024-05-09,upgrade,Growth,Growth,
EVT-00489,CUST-0304,10/21/2024,cancellation,Growth,,Poor Support
EVT-00490,CUST-0305,11/21/2023,downgrade,Pro,Growth,
EVT-00491,CUST-0305,2024-02-03,downgrade,Growth,Pro,
EVT-00492,CUST-0305,02/13/2024,cancellation,Pro,,Missing Features
EVT-00493,CUST-0306,12/18/2023,upgrade,Growth,Growth,
EVT-00494,CUST-0306,2024-10-02,upgrade,Growth,Growth,
EVT-00495,CUST-0307,2023-04-15,upgrade,Starter,Enterprise,
EVT-00496,CUST-0307,2023-07-02,upgrade,Enterprise,Enterprise,
EVT-00497,CUST-0307,2023-12-25,downgrade,Enterprise,Starter,
EVT-00498,CUST-0307,25-Jul-2024,cancellation,Starter,,
EVT-00499,CUST-0308,03/27/2024,downgrade,Growth,Growth,
EVT-00500,CUST-0308,11/06/2024,downgrade,Growth,Growth,
EVT-00501,CUST-0308,23-Jan-2024,cancellation,Growth,,Switched Competitor
EVT-00502,CUST-0309,2022-10-25,upgrade,Starter,Growth,
EVT-00503,CUST-0309,03/04/2023,upgrade,Growth,Enterprise,
EVT-00504,CUST-0310,2024-03-31,downgrade,Starter,Enterprise,
EVT-00505,CUST-0310,2024-11-29,upgrade,Enterprise,Starter,
EVT-00506,CUST-0310,26-Apr-2024,cancellation,Starter,,
EVT-00507,CUST-0311,2025-01-26,downgrade,Pro,Enterprise,
EVT-00508,CUST-0312,2024-12-10,upgrade,Pro,Growth,
EVT-00509,CUST-0313,2023-02-19,downgrade,Starter,Enterprise,
EVT-00510,CUST-0313,2024-01-09,upgrade,Enterprise,Growth,
EVT-00511,CUST-0313,06/24/2024,cancellation,Growth,,Switched Competitor
EVT-00512,CUST-0314,05/02/2023,upgrade,Pro,Growth,
EVT-00513,CUST-0314,06/29/2023,downgrade,Growth,Starter,
EVT-00514,CUST-0315,2024-06-03,upgrade,Pro,Growth,
EVT-00515,CUST-0315,2025-02-21,downgrade,Growth,Enterprise,
EVT-00516,CUST-0316,12-Sep-2024,cancellation,Growth,,Price
EVT-00517,CUST-0317,2025-03-17,cancellation,Starter,,Price
EVT-00518,CUST-0318,09/21/2022,downgrade,Growth,Pro,
EVT-00519,CUST-0318,2023-03-30,downgrade,Pro,Enterprise,
EVT-00520,CUST-0318,2023-09-27,upgrade,Enterprise,Pro,
EVT-00521,CUST-0320,2022-06-23,downgrade,Growth,Enterprise,
EVT-00522,CUST-0320,2023-01-11,downgrade,Enterprise,Starter,
EVT-00523,CUST-0320,2023-08-28,upgrade,Starter,Growth,
EVT-00524,CUST-0320,07/08/2022,cancellation,Growth,,
EVT-00525,CUST-0321,2024-02-08,upgrade,Starter,Enterprise,
EVT-00526,CUST-0322,08/26/2022,downgrade,Growth,Starter,
EVT-00527,CUST-0322,04/01/2023,upgrade,Starter,Pro,
EVT-00528,CUST-0322,11/01/2023,downgrade,Pro,Pro,
EVT-00529,CUST-0322,10/08/2022,cancellation,Pro,,
EVT-00530,CUST-0323,2023-08-13,cancellation,Starter,,
EVT-00531,CUST-0324,12/26/2024,upgrade,Growth,Growth,
EVT-00532,CUST-0324,04/01/2025,downgrade,Growth,Growth,
EVT-00533,CUST-0325,2024-09-18,downgrade,Growth,Starter,
EVT-00534,CUST-0326,2024-04-20,upgrade,Growth,Starter,
EVT-00535,CUST-0327,2024-01-17,downgrade,Starter,Growth,
EVT-00536,CUST-0327,05/02/2024,upgrade,Growth,Starter,
EVT-00537,CUST-0328,2022-08-21,downgrade,Enterprise,Starter,
EVT-00538,CUST-0328,2022-10-09,downgrade,Starter,Enterprise,
EVT-00539,CUST-0328,2023-09-17,upgrade,Enterprise,Starter,
EVT-00540,CUST-0329,2024-09-07,upgrade,Starter,Growth,
EVT-00541,CUST-0330,05/05/2024,cancellation,Starter,,Budget Cuts
EVT-00542,CUST-0331,2024-04-27,upgrade,Starter,Starter,
EVT-00543,CUST-0331,2024-07-09,upgrade,Starter,Pro,
EVT-00544,CUST-0333,2022-07-25,downgrade,Growth,Pro,
EVT-00545,CUST-0333,2023-06-13,downgrade,Pro,Pro,
EVT-00546,CUST-0333,2023-09-27,upgrade,Pro,Growth,
EVT-00547,CUST-0333,01/01/2024,cancellation,Growth,,
EVT-00548,CUST-0334,01/17/2024,downgrade,Pro,Growth,
EVT-00549,CUST-0334,08/18/2024,upgrade,Growth,Growth,
EVT-00550,CUST-0337,2023-12-04,upgrade,Starter,Enterprise,
EVT-00551,CUST-0337,10/12/2024,upgrade,Enterprise,Starter,
EVT-00552,CUST-0337,2025-04-27,downgrade,Starter,Starter,
EVT-00553,CUST-0338,11/19/2022,downgrade,Starter,Enterprise,
EVT-00554,CUST-0338,2023-01-03,upgrade,Enterprise,Starter,
EVT-00555,CUST-0338,2023-06-23,downgrade,Starter,Pro,
EVT-00556,CUST-0338,2024-03-08,cancellation,Pro,,Price
EVT-00557,CUST-0339,2022-12-14,upgrade,Pro,Enterprise,
EVT-00558,CUST-0340,10/25/2024,upgrade,Growth,Starter,
EVT-00559,CUST-0340,05/15/2025,cancellation,Starter,,Budget Cuts
EVT-00560,CUST-0341,11/04/2024,downgrade,Enterprise,Pro,
EVT-00561,CUST-0341,2024-12-04,downgrade,Pro,Pro,
EVT-00562,CUST-0344,05/24/2024,downgrade,Pro,Starter,
EVT-00563,CUST-0344,2024-11-24,upgrade,Starter,Enterprise,
EVT-00564,CUST-0344,11/02/2023,cancellation,Enterprise,,
EVT-00565,CUST-0345,2023-09-29,upgrade,Pro,Enterprise,
EVT-00566,CUST-0345,2024-04-09,upgrade,Enterprise,Starter,
EVT-00567,CUST-0345,2024-08-11,downgrade,Starter,Starter,
EVT-00568,CUST-0346,08/17/2024,upgrade,Starter,Growth,
EVT-00569,CUST-0346,04/15/2025,upgrade,Growth,Pro,
EVT-00570,CUST-0347,2023-02-13,downgrade,Starter,Starter,
EVT-00571,CUST-0347,2023-03-26,upgrade,Starter,Starter,
EVT-00572,CUST-0347,2023-08-24,upgrade,Starter,Growth,
EVT-00573,CUST-0348,2023-05-20,downgrade,Growth,Enterprise,
EVT-00574,CUST-0349,2024-06-22,upgrade,Growth,Pro,
EVT-00575,CUST-0349,09/04/2024,cancellation,Pro,,Budget Cuts
EVT-00576,CUST-0350,2022-03-29,downgrade,Starter,Growth,
EVT-00577,CUST-0350,2022-09-12,upgrade,Growth,Starter,
EVT-00578,CUST-0351,2024-06-26,upgrade,Growth,Pro,
EVT-00579,CUST-0352,2023-04-20,upgrade,Growth,Starter,
EVT-00580,CUST-0352,2023-11-17,downgrade,Starter,Enterprise,
EVT-00581,CUST-0352,09/17/2024,downgrade,Enterprise,Growth,
EVT-00582,CUST-0353,2022-06-19,upgrade,Starter,Starter,
EVT-00583,CUST-0355,2024-05-13,upgrade,Starter,Starter,
EVT-00584,CUST-0355,2024-11-18,cancellation,Starter,,
EVT-00585,CUST-0356,07/06/2024,upgrade,Starter,Growth,
EVT-00586,CUST-0357,2024-12-22,upgrade,Enterprise,Enterprise,
EVT-00587,CUST-0357,05/09/2025,cancellation,Enterprise,,
EVT-00588,CUST-0358,2024-02-28,downgrade,Starter,Starter,
EVT-00589,CUST-0358,03/13/2025,upgrade,Starter,Starter,
EVT-00590,CUST-0359,2024-10-19,cancellation,Starter,,Budget Cuts
EVT-00591,CUST-0360,2023-03-11,upgrade,Starter,Starter,
EVT-00592,CUST-0360,2023-05-30,upgrade,Starter,Pro,
EVT-00593,CUST-0360,2024-02-17,cancellation,Pro,,
EVT-00594,CUST-0361,04/09/2025,downgrade,Growth,Pro,
EVT-00595,CUST-0363,12/25/2023,upgrade,Growth,Starter,
EVT-00596,CUST-0363,2024-09-12,downgrade,Starter,Growth,
EVT-00597,CUST-0364,12/23/2024,upgrade,Starter,Starter,
EVT-00598,CUST-0365,17-May-2024,cancellation,Starter,,Price
EVT-00599,CUST-0366,04/05/2024,downgrade,Pro,Pro,
EVT-00600,CUST-0366,2025-01-30,upgrade,Pro,Enterprise,
EVT-00601,CUST-0367,2024-11-17,downgrade,Starter,Enterprise,
EVT-00602,CUST-0369,2024-10-07,upgrade,Growth,Pro,
EVT-00603,CUST-0370,2025-04-27,upgrade,Growth,Growth,
EVT-00604,CUST-0372,03/12/2023,upgrade,STARTER,Growth,
EVT-00605,CUST-0373,2022-12-25,upgrade,Enterprise,Starter,
EVT-00606,CUST-0373,2023-07-29,downgrade,Starter,Enterprise,
EVT-00607,CUST-0373,02-Sep-2022,cancellation,Enterprise,,Switched Competitor
EVT-00608,CUST-0374,11/08/2022,upgrade,Pro,Pro,
EVT-00609,CUST-0375,2023-10-15,upgrade,Growth,Enterprise,
EVT-00610,CUST-0375,07/09/2024,downgrade,Enterprise,Pro,
EVT-00611,CUST-0375,2024-11-27,upgrade,Pro,Starter,
EVT-00612,CUST-0376,2023-01-12,upgrade,Starter,Starter,
EVT-00613,CUST-0376,10/07/2023,upgrade,Starter,Growth,
EVT-00614,CUST-0376,2023-12-31,upgrade,Growth,Enterprise,
EVT-00615,CUST-0376,11/07/2023,cancellation,Enterprise,,
EVT-00616,CUST-0378,2023-06-06,downgrade,Growth,Starter,
EVT-00617,CUST-0378,12/08/2023,upgrade,Starter,Enterprise,
EVT-00618,CUST-0378,2024-07-01,downgrade,Enterprise,Pro,
EVT-00619,CUST-0379,05/12/2024,upgrade,Pro,Enterprise,
EVT-00620,CUST-0379,09/16/2024,downgrade,Enterprise,Pro,
EVT-00621,CUST-0380,13-Jan-2024,cancellation,Starter,,
EVT-00622,CUST-0381,05/10/2025,upgrade,Enterprise,Enterprise,
EVT-00623,CUST-0383,03/10/2025,downgrade,Starter,Growth,
EVT-00624,CUST-0384,2023-08-14,upgrade,Starter,Starter,
EVT-00625,CUST-0384,07/23/2024,upgrade,Starter,Growth,
EVT-00626,CUST-0385,06/17/2023,upgrade,Starter,Starter,
EVT-00627,CUST-0385,2023-09-14,downgrade,Starter,Pro,
EVT-00628,CUST-0385,2023-05-20,cancellation,Pro,,
EVT-00629,CUST-0386,09/29/2022,upgrade,Pro,Enterprise,
EVT-00630,CUST-0386,2022-12-21,upgrade,Enterprise,Starter,
EVT-00631,CUST-0386,2023-08-29,downgrade,Starter,Pro,
EVT-00632,CUST-0387,02/21/2023,downgrade,Enterprise,Enterprise,
EVT-00633,CUST-0387,11/16/2023,upgrade,Enterprise,Starter,
EVT-00634,CUST-0387,07/02/2024,upgrade,Starter,Growth,
EVT-00635,CUST-0387,2024-05-19,cancellation,Growth,,Poor Support
EVT-00636,CUST-0389,2022-06-11,downgrade,Growth,Pro,
EVT-00637,CUST-0389,01/31/2023,downgrade,Pro,Starter,
EVT-00638,CUST-0389,05/29/2023,upgrade,Starter,Growth,
EVT-00639,CUST-0390,06/22/2023,upgrade,Growth,Starter,
EVT-00640,CUST-0390,08/21/2023,upgrade,Starter,Enterprise,
EVT-00641,CUST-0391,2022-09-03,upgrade,Growth,Pro,
EVT-00642,CUST-0391,12/21/2022,upgrade,Pro,Growth,
EVT-00643,CUST-0391,10/28/2023,downgrade,Growth,Starter,
EVT-00644,CUST-0391,27-Sep-2022,cancellation,Starter,,Missing Features
EVT-00645,CUST-0393,10-Jan-2023,cancellation,Enterprise,,
EVT-00646,CUST-0394,07/09/2022,upgrade,Growth,Enterprise,
EVT-00647,CUST-0395,2023-06-20,upgrade,Starter,Growth,
EVT-00648,CUST-0395,2024-03-28,upgrade,Growth,Enterprise,
EVT-00649,CUST-0395,2023-05-17,cancellation,Enterprise,,
EVT-00650,CUST-0396,2022-12-01,upgrade,Growth,Growth,
EVT-00651,CUST-0396,05/21/2023,upgrade,Growth,Pro,
EVT-00652,CUST-0396,2024-04-23,upgrade,Pro,Growth,
EVT-00653,CUST-0396,04/21/2024,cancellation,Growth,,Missing Features
EVT-00654,CUST-0398,2024-11-30,upgrade,Pro,Pro,
EVT-00655,CUST-0398,15-Jan-2025,cancellation,Pro,,Poor Support
EVT-00656,CUST-0400,2023-08-23,upgrade,Growth,Growth,
EVT-00245,CUST-0152,02/02/2025,cancellation,Enterprise,,Switched Competitor
EVT-00046,CUST-0029,2024-01-29,upgrade,Pro,Enterprise,
EVT-00102,CUST-0062,2024-07-04,downgrade,Enterprise,Pro,
EVT-00457,CUST-0288,11/14/2024,cancellation,Growth,,Budget Cuts
